<?xml version="1.0" encoding="UTF-8"?>
<root>
  <item name="com.onetrust.otpublishers.headless.Internal.Helper.InteractionHandler java.lang.String getInteractionType()">
    <annotation name="androidx.annotation.StringDef">
      <val name="value" val="{com.onetrust.otpublishers.headless.Public.OTConsentInteractionType.BANNER_ALLOW_ALL, com.onetrust.otpublishers.headless.Public.OTConsentInteractionType.BANNER_REJECT_ALL, com.onetrust.otpublishers.headless.Public.OTConsentInteractionType.BANNER_CLOSE, com.onetrust.otpublishers.headless.Public.OTConsentInteractionType.PC_ALLOW_ALL, com.onetrust.otpublishers.headless.Public.OTConsentInteractionType.PC_REJECT_ALL, com.onetrust.otpublishers.headless.Public.OTConsentInteractionType.PC_CONFIRM, com.onetrust.otpublishers.headless.Public.OTConsentInteractionType.PC_CLOSE, com.onetrust.otpublishers.headless.Public.OTConsentInteractionType.VENDOR_LIST_CONFIRM}" />
    </annotation>
  </item>
  <item name="com.onetrust.otpublishers.headless.Internal.Helper.InteractionHandler void saveInteractionType(java.lang.String) 0">
    <annotation name="androidx.annotation.StringDef">
      <val name="value" val="{com.onetrust.otpublishers.headless.Public.OTConsentInteractionType.BANNER_ALLOW_ALL, com.onetrust.otpublishers.headless.Public.OTConsentInteractionType.BANNER_REJECT_ALL, com.onetrust.otpublishers.headless.Public.OTConsentInteractionType.BANNER_CLOSE, com.onetrust.otpublishers.headless.Public.OTConsentInteractionType.PC_ALLOW_ALL, com.onetrust.otpublishers.headless.Public.OTConsentInteractionType.PC_REJECT_ALL, com.onetrust.otpublishers.headless.Public.OTConsentInteractionType.PC_CONFIRM, com.onetrust.otpublishers.headless.Public.OTConsentInteractionType.PC_CLOSE, com.onetrust.otpublishers.headless.Public.OTConsentInteractionType.VENDOR_LIST_CONFIRM}" />
    </annotation>
  </item>
  <item name="com.onetrust.otpublishers.headless.Internal.Helper.OTUXParamsHandler java.lang.String getOTSDKTheme(android.content.Context)">
    <annotation name="androidx.annotation.StringDef">
      <val name="value" val="{com.onetrust.otpublishers.headless.Public.OTThemeConstants.OT_THEME_APP_COMPACT_LIGHT_NO_ACTION_BAR, com.onetrust.otpublishers.headless.Public.OTThemeConstants.NO_SDK_THEME_OVERRIDE}" />
    </annotation>
  </item>
  <item name="com.onetrust.otpublishers.headless.Internal.Models.DsDataElementPayload void constructDsDataElementPayload(org.json.JSONObject, java.lang.String, java.lang.String, java.lang.String) 1">
    <annotation name="androidx.annotation.StringDef">
      <val name="value" val="{com.onetrust.otpublishers.headless.Public.OTConsentInteractionType.BANNER_ALLOW_ALL, com.onetrust.otpublishers.headless.Public.OTConsentInteractionType.BANNER_REJECT_ALL, com.onetrust.otpublishers.headless.Public.OTConsentInteractionType.BANNER_CLOSE, com.onetrust.otpublishers.headless.Public.OTConsentInteractionType.PC_ALLOW_ALL, com.onetrust.otpublishers.headless.Public.OTConsentInteractionType.PC_REJECT_ALL, com.onetrust.otpublishers.headless.Public.OTConsentInteractionType.PC_CONFIRM, com.onetrust.otpublishers.headless.Public.OTConsentInteractionType.PC_CLOSE, com.onetrust.otpublishers.headless.Public.OTConsentInteractionType.VENDOR_LIST_CONFIRM}" />
    </annotation>
  </item>
  <item name="com.onetrust.otpublishers.headless.Public.DataModel.OTSdkParams.SdkParamsBuilder com.onetrust.otpublishers.headless.Public.DataModel.OTSdkParams.SdkParamsBuilder setOtBannerHeightRatio(java.lang.String) 0">
    <annotation name="androidx.annotation.StringDef">
      <val name="value" val="{com.onetrust.otpublishers.headless.Public.OTBannerHeightRatio.FULL, com.onetrust.otpublishers.headless.Public.OTBannerHeightRatio.ONE_HALF, com.onetrust.otpublishers.headless.Public.OTBannerHeightRatio.TWO_THIRD, com.onetrust.otpublishers.headless.Public.OTBannerHeightRatio.FLOATING}" />
    </annotation>
  </item>
  <item name="com.onetrust.otpublishers.headless.Public.DataModel.OTUXParams.OTUXParamsBuilder com.onetrust.otpublishers.headless.Public.DataModel.OTUXParams.OTUXParamsBuilder setOTSDKTheme(java.lang.String) 0">
    <annotation name="androidx.annotation.StringDef">
      <val name="value" val="{com.onetrust.otpublishers.headless.Public.OTThemeConstants.OT_THEME_APP_COMPACT_LIGHT_NO_ACTION_BAR, com.onetrust.otpublishers.headless.Public.OTThemeConstants.NO_SDK_THEME_OVERRIDE}" />
    </annotation>
  </item>
  <item name="com.onetrust.otpublishers.headless.Public.OTBannerHeightRatio.BannerHeight">
    <annotation name="androidx.annotation.StringDef">
      <val name="value" val="{com.onetrust.otpublishers.headless.Public.OTBannerHeightRatio.FULL, com.onetrust.otpublishers.headless.Public.OTBannerHeightRatio.ONE_HALF, com.onetrust.otpublishers.headless.Public.OTBannerHeightRatio.TWO_THIRD, com.onetrust.otpublishers.headless.Public.OTBannerHeightRatio.FLOATING}" />
    </annotation>
  </item>
  <item name="com.onetrust.otpublishers.headless.Public.OTCCPAGeolocationConstants.CCPAGeolocation">
    <annotation name="androidx.annotation.StringDef">
      <val name="value" val="{com.onetrust.otpublishers.headless.Public.OTCCPAGeolocationConstants.ALL, com.onetrust.otpublishers.headless.Public.OTCCPAGeolocationConstants.US, com.onetrust.otpublishers.headless.Public.OTCCPAGeolocationConstants.CA}" />
    </annotation>
  </item>
  <item name="com.onetrust.otpublishers.headless.Public.OTConsentInteractionType.InteractionType">
    <annotation name="androidx.annotation.StringDef">
      <val name="value" val="{com.onetrust.otpublishers.headless.Public.OTConsentInteractionType.BANNER_ALLOW_ALL, com.onetrust.otpublishers.headless.Public.OTConsentInteractionType.BANNER_REJECT_ALL, com.onetrust.otpublishers.headless.Public.OTConsentInteractionType.BANNER_CLOSE, com.onetrust.otpublishers.headless.Public.OTConsentInteractionType.PC_ALLOW_ALL, com.onetrust.otpublishers.headless.Public.OTConsentInteractionType.PC_REJECT_ALL, com.onetrust.otpublishers.headless.Public.OTConsentInteractionType.PC_CONFIRM, com.onetrust.otpublishers.headless.Public.OTConsentInteractionType.PC_CLOSE, com.onetrust.otpublishers.headless.Public.OTConsentInteractionType.VENDOR_LIST_CONFIRM}" />
    </annotation>
  </item>
  <item name="com.onetrust.otpublishers.headless.Public.OTEventListener void allSDKViewsDismissed(java.lang.String) 0">
    <annotation name="androidx.annotation.StringDef">
      <val name="value" val="{com.onetrust.otpublishers.headless.Public.OTConsentInteractionType.BANNER_ALLOW_ALL, com.onetrust.otpublishers.headless.Public.OTConsentInteractionType.BANNER_REJECT_ALL, com.onetrust.otpublishers.headless.Public.OTConsentInteractionType.BANNER_CLOSE, com.onetrust.otpublishers.headless.Public.OTConsentInteractionType.PC_ALLOW_ALL, com.onetrust.otpublishers.headless.Public.OTConsentInteractionType.PC_REJECT_ALL, com.onetrust.otpublishers.headless.Public.OTConsentInteractionType.PC_CONFIRM, com.onetrust.otpublishers.headless.Public.OTConsentInteractionType.PC_CLOSE, com.onetrust.otpublishers.headless.Public.OTConsentInteractionType.VENDOR_LIST_CONFIRM}" />
    </annotation>
  </item>
  <item name="com.onetrust.otpublishers.headless.Public.OTPublishersHeadlessSDK void callSetupUI(androidx.fragment.app.FragmentActivity, int, com.onetrust.otpublishers.headless.Public.DataModel.OTConfiguration) 1">
    <annotation name="androidx.annotation.IntDef">
      <val name="value" val="{com.onetrust.otpublishers.headless.UI.UIType.BANNER, com.onetrust.otpublishers.headless.UI.UIType.PREFERENCE_CENTER}" />
    </annotation>
  </item>
  <item name="com.onetrust.otpublishers.headless.Public.OTPublishersHeadlessSDK void saveConsent(java.lang.String) 0">
    <annotation name="androidx.annotation.StringDef">
      <val name="value" val="{com.onetrust.otpublishers.headless.Public.OTConsentInteractionType.BANNER_ALLOW_ALL, com.onetrust.otpublishers.headless.Public.OTConsentInteractionType.BANNER_REJECT_ALL, com.onetrust.otpublishers.headless.Public.OTConsentInteractionType.BANNER_CLOSE, com.onetrust.otpublishers.headless.Public.OTConsentInteractionType.PC_ALLOW_ALL, com.onetrust.otpublishers.headless.Public.OTConsentInteractionType.PC_REJECT_ALL, com.onetrust.otpublishers.headless.Public.OTConsentInteractionType.PC_CONFIRM, com.onetrust.otpublishers.headless.Public.OTConsentInteractionType.PC_CLOSE, com.onetrust.otpublishers.headless.Public.OTConsentInteractionType.VENDOR_LIST_CONFIRM}" />
    </annotation>
  </item>
  <item name="com.onetrust.otpublishers.headless.Public.OTPublishersHeadlessSDK void setupUI(androidx.appcompat.app.AppCompatActivity, int) 1">
    <annotation name="androidx.annotation.IntDef">
      <val name="value" val="{com.onetrust.otpublishers.headless.UI.UIType.BANNER, com.onetrust.otpublishers.headless.UI.UIType.PREFERENCE_CENTER}" />
    </annotation>
  </item>
  <item name="com.onetrust.otpublishers.headless.Public.OTPublishersHeadlessSDK void setupUI(androidx.fragment.app.FragmentActivity, int) 1">
    <annotation name="androidx.annotation.IntDef">
      <val name="value" val="{com.onetrust.otpublishers.headless.UI.UIType.BANNER, com.onetrust.otpublishers.headless.UI.UIType.PREFERENCE_CENTER}" />
    </annotation>
  </item>
  <item name="com.onetrust.otpublishers.headless.Public.OTPublishersHeadlessSDK void setupUI(androidx.fragment.app.FragmentActivity, int, com.onetrust.otpublishers.headless.Public.DataModel.OTConfiguration) 1">
    <annotation name="androidx.annotation.IntDef">
      <val name="value" val="{com.onetrust.otpublishers.headless.UI.UIType.BANNER, com.onetrust.otpublishers.headless.UI.UIType.PREFERENCE_CENTER}" />
    </annotation>
  </item>
  <item name="com.onetrust.otpublishers.headless.Public.OTThemeConstants.ThemeConstants">
    <annotation name="androidx.annotation.StringDef">
      <val name="value" val="{com.onetrust.otpublishers.headless.Public.OTThemeConstants.OT_THEME_APP_COMPACT_LIGHT_NO_ACTION_BAR, com.onetrust.otpublishers.headless.Public.OTThemeConstants.NO_SDK_THEME_OVERRIDE}" />
    </annotation>
  </item>
  <item name="com.onetrust.otpublishers.headless.UI.TVUI.fragments.OTPCMainContainerTVFragment com.onetrust.otpublishers.headless.UI.TVUI.fragments.OTPCMainContainerTVFragment newInstance(java.lang.String, com.onetrust.otpublishers.headless.Internal.Event.EventListenerSetter, int) 2">
    <annotation name="androidx.annotation.IntDef">
      <val name="value" val="{com.onetrust.otpublishers.headless.UI.UIType.BANNER, com.onetrust.otpublishers.headless.UI.UIType.PREFERENCE_CENTER}" />
    </annotation>
  </item>
  <item name="com.onetrust.otpublishers.headless.UI.UIType.Type">
    <annotation name="androidx.annotation.IntDef">
      <val name="value" val="{com.onetrust.otpublishers.headless.UI.UIType.BANNER, com.onetrust.otpublishers.headless.UI.UIType.PREFERENCE_CENTER}" />
    </annotation>
  </item>
</root>

